"","variable","importance","sd","importance_scaled"
"1","age",37.1325975896668,1.63162041349073,41.4015078207678
"2","industry",3.20909668219698,1.15857884092646,3.57802712467794
"3","income",30.3520819422705,1.42788345962973,33.8414772862319
"4","education",18.0165599453159,1.15193708244585,20.087814909208
"5","metro_status",0.959728832521921,0.906159794292473,1.07006305361545
"6","employer_size",0.0189331730664492,0.965321969079946,0.0211098054987858
