"","variable","importance","sd","importance_scaled"
"1","age",27.6342634300876,1.27004891645763,10.3895736128576
"2","industry",46.9242014230514,1.82757853486946,17.6419554710674
"3","income",103.053033948457,4.14316890614744,38.7445493144601
"4","education",44.8612616763597,1.91072083417298,16.8663580171542
"5","metro_status",5.06103460437485,0.995590487515112,1.9027824538331
"6","employer_size",38.446931940853,1.40438780685988,14.4547811306275
