"","variable","importance","sd","importance_scaled"
"1","age",24.6306553547089,1.17126099457952,11.6401262947454
"2","industry",33.013001731655,1.26748256189425,15.6015138042865
"3","income",91.8954889350496,3.34908893218203,43.4286088501035
"4","education",36.4303667446184,1.63077255335945,17.2165159133771
"5","metro_status",1.45574565001545,0.921390133883728,0.687966396962579
"6","employer_size",24.1760140360189,1.18438882706511,11.4252687405249
