"","variable","importance","sd","importance_scaled"
"1","age",27.687731425729,1.33485006878457,11.2532363962101
"2","industry",33.4974725976309,1.34949747845382,13.6145129415125
"3","income",104.333983171829,3.3594012492737,42.4048817412237
"4","education",49.7175643076643,1.8784113200913,20.2069102591056
"5","metro_status",0.438461070881133,1.01460887160072,0.178205502115489
"6","employer_size",30.3671742640088,1.49589660419691,12.3422531598325
