"METRO_STATUS","EDUCATION","SHARE_RETIREMENT_ACCESS","SHARE_MATCHING","SHARE_PARTICIPATION","SAMPLE_SIZE"
"Metropolitan area","Overall",0.407415272493439,0.495093490822959,0.428205338035143,6808
"Non-metropolitan area","Overall",0.504034512759819,0.566362024172585,0.521745208956715,1113
"Metropolitan area","High School or less",0.381551065961754,0.320622623626208,0.361744119610774,2038
"Non-metropolitan area","High School or less",0.395335543957181,0.352689297707155,0.382702303415527,547
"Metropolitan area","Some college",0.571315781082354,0.482522174125877,0.547761655060886,1699
"Non-metropolitan area","Some college",0.512489002780059,0.423368812666723,0.492647727268349,329
"Metropolitan area","Bachelor's degree or higher",0.738416129107454,0.63431177475608,0.718493343193942,3071
"Non-metropolitan area","Bachelor's degree or higher",0.705173406526535,0.634235130018697,0.67868498511196,237
