"METRO_STATUS","AVG_ACCOUNT_SIZE","SHARE_RETIREMENT_ACCESS","SHARE_MATCHING","SHARE_PARTICIPATION","SAMPLE_SIZE"
"Metropolitan area",113751.729106951,0.592584727506561,0.504906509177041,0.571794661964857,6808
"Non-metropolitan area",59160.0188809218,0.495965487240181,0.433637975827415,0.478254791043285,1113
